,name,hx
58,25路(平凉路军工路--南崇明路),0.5353090043837606
57,25路(南崇明路--平凉路军工路),0.5441463935174934
56,22路(闵行路长治路--长白路图们路),0.5519663652364337
70,317路(平凉路军工路--中山东二路新开河路),0.5628534414699538
17,1218路(淞沪路殷行路--国权北路国政路),0.5744560947743217
28,1256路(淞沪路殷行路--淞沪路殷行路),0.5776441466759874
181,99路(三门路新江湾城--通南路新二路),0.5906176029535166
51,19路(唐山路通北路--普陀路江宁路),0.5970814351970247
69,317路(中山东二路新开河路--平凉路军工路),0.6039803177428017
59,28路(包头路嫩江路--提篮桥),0.604716865778439
52,19路(普陀路江宁路--唐山路通北路),0.6070245514973578
107,577路(复兴岛--开鲁路中原路),0.6094385864450154
121,713路(淞南新村--锦西路打虎山路),0.6239994391090763
60,28路(提篮桥--包头路嫩江路),0.6282797504442299
114,60路(逸仙路仁德路--定海桥),0.6355471667861048
108,577路(开鲁路中原路--复兴岛),0.6370227599292652
117,6路(武进路河南北路--长白路图们路),0.6469797924033442
182,99路(通南路新二路--三门路新江湾城),0.6531992365610043
137,80路(安波路营口路--怀德路杨树浦路),0.6564346874350615
98,559路(青石路国权北路--虬江码头),0.6594971474665623
174,960路(青石路国权北路--怀德路杨树浦路),0.6596400467503637
49,187路(政立路恒仁路--乾溪新村),0.6600815200697993
44,168路(国江路淞行路--复旦大学),0.660539907279229
113,60路(定海桥--逸仙路仁德路),0.6661915716537554
45,168路(复旦大学--国江路淞行路),0.6663406582694023
48,187路(乾溪新村--政立路恒仁路),0.6678496119803623
97,559路(虬江码头--青石路国权北路),0.6686460924923469
2,102路(嫩江码头--安波路营口路),0.6704836887405256
173,960路(怀德路杨树浦路--青石路国权北路),0.6737758922083843
119,70路(兰州路杨树浦路--四川北路多伦路),0.6742277195327001
122,713路(锦西路打虎山路--淞南新村),0.6753201012776275
138,80路(怀德路杨树浦路--安波路营口路),0.6806220705528464
16,1218路(国权北路国政路--淞沪路殷行路),0.6813123423315257
34,137路(市光新村(包头路)--天章路秦皇岛路),0.6822751922672119
74,330路(扬州路齐齐哈尔路--中山公园),0.6827184216880382
40,14路(东新桥--江浦路中山北二路),0.6863901429634098
41,14路(江浦路中山北二路--东新桥),0.6875755770792541
86,502路(虹口足球场--淞南十村(通南路)),0.6885682827458371
149,850路(康宁路枢纽站--政通路淞沪路),0.698927041825038
68,310路(兰州路杨树浦路--上海火车站(北广场)),0.7031785633066648
120,70路(四川北路多伦路--兰州路杨树浦路),0.704363884217552
33,137路(天章路秦皇岛路--市光新村(包头路)),0.7111541256308662
89,52路(吴淞煤气厂--塘沽路乍浦路),0.7112829669356526
140,812路(长阳路军工路--共和新路长江西路),0.7117093631104322
37,142路(军工路松花江路--凉城路广灵四路),0.7189595846075236
46,17路(卢浦大桥--唐山路通北路),0.7207413270488787
55,22路(长白路图们路--闵行路长治路),0.7238120005595464
150,850路(政通路淞沪路--康宁路枢纽站),0.7288744647537754
96,552路(曲阳新村--呼玛路共和新路),0.7299850126348045
78,37路(扬州路齐齐哈尔路--愚园路胶州路),0.7312730369006187
12,1201路(淞沪路殷行路--淞沪路殷行路),0.7320939718820461
0,100路(吉浦路仁德路--吴淞路天潼路),0.7321147232157229
85,502路(淞南十村(通南路)--虹口足球场),0.7363150581935042
148,843路(阜新路彰武路--东靖路金京路),0.7366634234184652
118,6路(长白路图们路--武进路河南北路),0.7367580007289368
7,115路(松花江路延吉东路--平江小区),0.7373280194097738
183,DZ105线(长白路图们路--辽源西路大连路),0.7396319552481828
13,1212路(闸殷路军工路(闸殷路停车场)--闸殷路军工路),0.7443513265632958
169,937路(三门路淞沪路--绥德路),0.7454056361850847
47,17路(唐山路通北路--卢浦大桥),0.7457135524242801
18,1226路(淞沪路殷行路--淞沪路殷行路),0.7473391811699842
67,310路(上海火车站(北广场)--兰州路杨树浦路),0.748026971319293
202,春运9线(原310路)(上海火车站(北广场)--兰州路杨树浦路),0.748026971319293
94,538路(淞沪路殷行路--松潘路杨树浦路),0.7501279672586487
145,842路(工农新村--平凉路大连路),0.7531937424599761
156,868路(白城路民星路--中山东二路新开河路枢纽),0.753760518398694
170,937路(绥德路--三门路淞沪路),0.7543388611089135
20,1238路(国顺东路翔殷路--黎平路杨树浦路),0.7566016192326573
167,934路(国顺东路翔殷支路--普安路延安东路),0.7605610088883509
146,842路(平凉路大连路--工农新村),0.7621834650141093
152,853路(杨浦大桥--凉城新村),0.7627126617600739
73,330路(中山公园--扬州路齐齐哈尔路),0.7630712654264228
132,751路(虹镇老街飞虹路--淞南镇),0.7638807025287718
100,55路(新江湾城(世界路)--南浦大桥),0.7654302027511088
147,843路(东靖路金京路--阜新路彰武路),0.7668166957261228
131,751路(淞南镇--虹镇老街飞虹路),0.7719091499283607
133,758路(原平路阳城路--政立路市光路),0.7759488964607223
90,52路(塘沽路乍浦路--吴淞煤气厂),0.7764342165365615
39,147路(临江码头--临江码头),0.7767082967010385
178,966路(市光新村--万航渡路长寿路),0.7809904766995964
21,1238路(黎平路杨树浦路--国顺东路翔殷路),0.7830545424303162
93,538路(松潘路杨树浦路--淞沪路殷行路),0.783109324367772
9,116路(曲阳新村--宝杨码头),0.7834579526875864
151,853路(凉城新村--杨浦大桥),0.7867789782130766
1,100路(吴淞路天潼路--吉浦路仁德路),0.7876118658911385
54,220路(老西门--松花江路延吉东路),0.7901382569451044
31,135路(杨树浦路黎平路--老西门),0.791205474323038
95,552路(呼玛路共和新路--曲阳新村),0.7915426159759521
4,103路(天通庵路同心路--黎平路杨树浦路),0.7930160765283228
6,115路(平江小区--松花江路延吉东路),0.7931731053154408
5,103路(黎平路杨树浦路--天通庵路同心路),0.7944575421608772
130,749路(虎林路共江路--三门路新江湾城),0.7952511456807683
129,749路(三门路新江湾城--虎林路共江路),0.7976708209172078
136,79路(天章路秦皇岛路--原平路阳城路),0.7983928363301511
139,812路(共和新路长江西路--长阳路军工路),0.8000065960273078
115,61路(吴淞路天潼路--政悦路国伟路),0.8000111589602187
63,307路(中山东二路新开河路--新江湾城(世界路)),0.8000821782744956
154,854路(市光新村(包头路)--东长治路公平路枢纽站),0.8026844778156933
30,133路(国顺东路沙岗路--凉城路丰镇路),0.8038124458283022
110,597路(彭浦新村(景凤路)--东方路张杨路),0.804785338547293
29,133路(凉城路丰镇路--国顺东路沙岗路),0.807114307310316
8,116路(宝杨码头--曲阳新村),0.807637808730496
168,934路(普安路延安东路--国顺东路翔殷支路),0.8079228796551906
159,871路(西营路成山路--锦西路打虎山路),0.8092887024679513
99,55路(南浦大桥--新江湾城(世界路)),0.819108705735086
177,966路(万航渡路长寿路--市光新村),0.8191149350319814
109,597路(东方路张杨路--彭浦新村(景凤路)),0.8215048924394376
36,139路(虹口足球场(花园路)--嫩江路白城路),0.822755610912445
79,405路(博兴路柳埠路--曲阳路玉田路),0.8272457964330485
25,124路(黎平路杨树浦路--开鲁路世界路),0.8277522459868784
19,1228路(淞沪路殷行路--淞沪路殷行路),0.8283673998834349
144,819路(吉浦路仁德路--东绣路锦和路),0.8300707765579479
134,758路(政立路市光路--原平路阳城路),0.8326400093985251
153,854路(东长治路公平路枢纽站--市光新村(包头路)),0.833669579507496
32,135路(老西门--杨树浦路黎平路),0.8355543190574684
155,868路(中山东二路新开河路枢纽--白城路民星路),0.8357309068632779
162,874路(枣庄路张杨路--三门路安汾路),0.8364118919648909
126,726路(安波路营口路--三泉路保德路),0.8377197570287648
142,813路(杨浦大桥--宝山),0.8377221192133256
53,220路(松花江路延吉东路--老西门),0.8419845556676807
35,139路(嫩江路白城路--虹口足球场(花园路)),0.8495437443071752
83,453路(五角场(翔殷路)--港城路地铁站),0.8524256070457062
160,871路(锦西路打虎山路--西营路成山路),0.8528733220707446
3,102路(安波路营口路--嫩江码头),0.8544936664974833
76,33路(军工路长阳路--中山东二路新开河路),0.8575585767507354
125,726路(三泉路保德路--安波路营口路),0.85977258714775
15,1215路(靖宇南路控江路--靖宇南路控江路),0.865671684160409
75,33路(中山东二路新开河路--军工路长阳路),0.867765338208501
111,59路(凉城路广灵四路--杨高中路民生路),0.8728817887945803
116,61路(政悦路国伟路--吴淞路天潼路),0.8764299499740996
24,124路(开鲁路世界路--黎平路杨树浦路),0.8787589893275086
77,37路(愚园路胶州路--扬州路齐齐哈尔路),0.8795726923237916
165,90路(淞宝路淞青路--靖宇南路控江路),0.8806678109985262
141,813路(宝山--杨浦大桥),0.8808451548997087
171,942路(上海火车站(北广场)--殷行路中原路),0.8839077777431298
26,1253路(新江湾城(世界路)--新江湾城(世界路)),0.8839626821595777
161,874路(三门路安汾路--枣庄路张杨路),0.888427452170235
80,405路(曲阳路玉田路--博兴路柳埠路),0.8897140660261103
143,819路(东绣路锦和路--吉浦路仁德路),0.8930500805424894
38,142路(凉城路广灵四路--军工路松花江路),0.8941350616037365
172,942路(殷行路中原路--上海火车站(北广场)),0.8948713997882961
128,746路(花木新村--大柏树(东体育会路)),0.8990057435430264
175,962路(上海火车站(北广场)--松潘路杨树浦路),0.9027146155074628
127,746路(大柏树(东体育会路)--花木新村),0.9028070584023025
135,79路(原平路阳城路--天章路秦皇岛路),0.9028471053480023
11,118路(安图路松花江路--一二八纪念路阳曲路),0.9059236581739601
65,308路(上海火车站(南广场)--松花江路延吉东路),0.9151285223026857
201,春运8线(原308路)(上海火车站(南广场)--松花江路延吉东路),0.9151285223026857
188,DZ118线(天章路秦皇岛路--天章路秦皇岛路),0.9197803398336662
176,962路(松潘路杨树浦路--上海火车站(北广场)),0.923626387060664
92,537路(老西门--开鲁路白城路),0.9257410035513495
10,118路(一二八纪念路阳曲路--安图路松花江路),0.9287224320061771
179,975路(上海科技馆--广灵四路广粤路),0.9387352739469922
112,59路(杨高中路民生路--凉城路广灵四路),0.945838132987084
64,307路(新江湾城(世界路)--中山东二路新开河路),0.9519402474724378
71,329路(上海火车站(南广场)--工农新村),0.9526138511033496
198,春运13线(原329路)(上海火车站南广场--工农新村),0.9526138511033496
123,723路(虹口足球场(花园路)--香山新村),0.9564360648313581
199,春运1线(原申川专线)(上海火车站(南广场)--川沙客运站),0.9590350731345189
205,申川专线(上海火车站(南广场)--川沙客运站),0.9592074632024985
206,申川专线(川沙客运站--上海火车站(南广场)),0.9641143373992107
166,90路(靖宇南路控江路--淞宝路淞青路),0.965124725447193
82,406路(国定路政立路--东靖路金京路),0.9683552101351193
158,870路(陆家嘴西路滨江大道--新江湾城(世界路)),0.9735744533861055
66,308路(松花江路延吉东路--上海火车站(南广场)),0.9747078227087934
84,453路(港城路地铁站--五角场(翔殷路)),0.9804336508420755
163,8路(三门路市光路--博山东路枣庄路),0.9822672277382394
81,406路(东靖路金京路--国定路政立路),0.9929902606323644
14,1213路(世界路国和路--世界路国和路),0.9990348547831003
72,329路(工农新村--上海火车站(南广场)),1.0045029558058938
50,195路(军工路翔殷路--军工路翔殷路),1.0114662906335599
62,302路(宝山巴士--上海火车站(南广场)),1.0127274982209984
180,975路(广灵四路广粤路--上海科技馆),1.018887979283261
91,537路(开鲁路白城路--老西门),1.0201802911648998
87,51路(人民广场(武胜路)--宝杨码头),1.0331715401742048
42,155路(昆明路海门路--栖山路巨野路),1.0362472366218332
43,155路(栖山路巨野路--昆明路海门路),1.0429338373709454
23,123路(巴林路伊敏河路--人民广场),1.0547850523006315
88,51路(宝杨码头--人民广场(武胜路)),1.0572601913524484
157,870路(新江湾城(世界路)--陆家嘴西路滨江大道),1.0662124066229979
106,576路(芦恒路枢纽站--曲阳路玉田路),1.083869146105014
22,123路(人民广场--巴林路伊敏河路),1.0869271547542925
105,576路(曲阳路玉田路--芦恒路枢纽站),1.1134134703759364
124,723路(香山新村--虹口足球场(花园路)),1.1300441012502134
200,春运5线(原302路)(上海火车站(南广场)--宝山巴士),1.1398856984891295
61,302路(上海火车站(南广场)--宝山巴士),1.1408101114970093
164,8路(博山东路枣庄路--三门路市光路),1.1741001539510123
186,DZ108线(军工路松花江路--军工路松花江路),1.2703042811911633
103,55路大站车(晚高峰)(南浦大桥--新江湾城(世界路)),1.3843118140500081
27,1255路环线(淞沪路殷行路--淞沪路殷行路),1.6995287276839273
191,共青森林公园定制班线(中原路8号线(市光路)--中原路8号线(市光路)),1.757797526032867
102,55路大站车(早高峰)(新江湾城(世界路)--南浦大桥),1.763532905100253
190,DZ128路专线(科技园--五角场翔殷路),1.9625299463765864
185,DZ107线(长阳路江浦路--杨树浦路江浦路),1.9681414353519957
184,DZ106线(嫩江路白城路--国权北路殷高路),1.9801561528842984
187,DZ116路(柏悦江湾--淞沪路殷行路),1.9898557344231589
104,55路大站车(晚高峰)(新江湾城(世界路)--南浦大桥),2.0865100725717114
101,55路大站车(早高峰)(南浦大桥--新江湾城(世界路)),2.427703336367247
189,DZ128路专线(五角场翔殷路--科技园),2.474951685372887
193,北安跨线(曹安公路绿苑路--国康路四平路),7.624986510399485
192,北安跨线(国康路四平路--曹安公路绿苑路),7.910276332752576
194,嘉五线(南门公交站--国康路四平路),9.62218170186372
195,嘉五线(国康路四平路--南门公交站),10.1890950920662
203,机场四线(上海火车站(北广场)--浦东国际机场2号航站楼),12.917215044253108
204,机场四线(浦东机场T1航站楼--上海火车站(北广场)),13.55194944353946
196,崇明E乘巴士1号线(北区汽车站--南门水陆换乘中心),14.647144114851981
197,崇明E乘巴士1号线(崇明南门水陆换乘中心--北区汽车站),14.789741476240959
