,name,hx,route_zx_dis,fzxxs_base
0,100路(吉浦路仁德路--吴淞路天潼路),12.44595029466729,7.66157309326496,1.624464081091665
1,100路(吴淞路天潼路--吉浦路仁德路),12.601789854258216,7.621088397928979,1.6535420134586993
2,102路(嫩江码头--安波路营口路),4.0229021324431535,3.2096936018853888,1.2533601743419005
3,102路(安波路营口路--嫩江码头),4.272468332487416,3.224525342939564,1.324991395041268
4,103路(天通庵路同心路--黎平路杨树浦路),17.4463536836231,9.135437663105087,1.9097447026630117
5,103路(黎平路杨树浦路--天通庵路同心路),19.066981011861053,9.132052886903633,2.0879183736665823
6,115路(平江小区--松花江路延吉东路),17.4498083169397,12.07513886422748,1.4451020823151477
7,115路(松花江路延吉东路--平江小区),16.221216427015023,12.053570438403378,1.3457602881991946
8,116路(宝杨码头--曲阳新村),23.421496453184382,16.531099415895625,1.4168142035770008
9,116路(曲阳新村--宝杨码头),21.153364722564834,16.530844921320252,1.2796299779742535
10,118路(一二八纪念路阳曲路--安图路松花江路),16.717003776111188,9.684790996092918,1.7261088838009242
11,118路(安图路松花江路--一二八纪念路阳曲路),16.306625847131283,9.703227838408365,1.6805362214194985
20,1238路(国顺东路翔殷路--黎平路杨树浦路),6.809414573093916,4.557908265495494,1.4939779777146651
21,1238路(黎平路杨树浦路--国顺东路翔殷路),6.26443633944253,4.572332258033984,1.3700746109242985
22,123路(人民广场--巴林路伊敏河路),11.956198702297216,8.295670483796357,1.4412576687623793
23,123路(巴林路伊敏河路--人民广场),11.602635575306946,8.280374130403588,1.4012211758288546
24,124路(开鲁路世界路--黎平路杨树浦路),10.545107871930103,7.434041990732648,1.4184891456189972
25,124路(黎平路杨树浦路--开鲁路世界路),9.93302695184254,7.430373145446311,1.3368140142369533
29,133路(凉城路丰镇路--国顺东路沙岗路),10.492485995034107,7.338331192354269,1.4298190855662278
30,133路(国顺东路沙岗路--凉城路丰镇路),12.057186687424533,7.3372228978136445,1.6432902278350232
31,135路(杨树浦路黎平路--老西门),12.659287589168608,10.70032065894104,1.1830755350860147
32,135路(老西门--杨树浦路黎平路),13.368869104919494,10.697900229624985,1.24967225511208
33,137路(天章路秦皇岛路--市光新村(包头路)),12.800774261355592,9.627381561520325,1.3296215777422802
34,137路(市光新村(包头路)--天章路秦皇岛路),15.010054229878662,9.606790384154246,1.5624421507766773
35,139路(嫩江路白城路--虹口足球场(花园路)),11.044068675993277,9.108213947515555,1.212539444026319
36,139路(虹口足球场(花园路)--嫩江路白城路),10.695822941861785,9.051218758065145,1.1816997498078592
37,142路(军工路松花江路--凉城路广灵四路),10.784393769112855,8.510075525600106,1.2672500657216401
38,142路(凉城路广灵四路--军工路松花江路),11.623755800848574,8.522586276520531,1.3638765773333
40,14路(东新桥--江浦路中山北二路),10.295852144451148,7.492384727752064,1.374175582083357
41,14路(江浦路中山北二路--东新桥),13.063935964505827,7.560884898301383,1.7278316149794517
42,155路(昆明路海门路--栖山路巨野路),13.471214076083832,4.530563579809302,2.9734080184017317
43,155路(栖山路巨野路--昆明路海门路),14.601073723193235,4.5306749441635334,3.222714916240571
44,168路(国江路淞行路--复旦大学),9.247558701909206,6.241679007175707,1.4815819094954754
45,168路(复旦大学--国江路淞行路),9.328769215771631,6.143967482479845,1.518362400578059
46,17路(卢浦大桥--唐山路通北路),14.414826540977574,9.987915868365286,1.443226668201485
47,17路(唐山路通北路--卢浦大桥),16.40569815333416,9.968059742175864,1.6458266280166842
48,187路(乾溪新村--政立路恒仁路),14.024841851587608,13.299218025839524,1.0545613903267277
49,187路(政立路恒仁路--乾溪新村),14.521793441535584,13.299978416733515,1.0918659404187325
51,19路(唐山路通北路--普陀路江宁路),11.941628703940495,8.57037010116925,1.3933620792305466
52,19路(普陀路江宁路--唐山路通北路),12.747515581444514,8.590516431987846,1.4839056164280846
53,220路(松花江路延吉东路--老西门),15.155722002018253,12.014749253216928,1.2614264087084743
54,220路(老西门--松花江路延吉东路),15.012626881956983,11.897238518438185,1.2618581075508077
55,22路(长白路图们路--闵行路长治路),10.13336800783365,8.368188795513818,1.2109392194002773
56,22路(闵行路长治路--长白路图们路),9.935394574255808,8.37772009745552,1.1859305943240317
57,25路(南崇明路--平凉路军工路),12.515367050902348,9.244047341208473,1.3538839199915018
58,25路(平凉路军工路--南崇明路),12.312107100826493,9.275194455004321,1.3274230702714422
59,28路(包头路嫩江路--提篮桥),13.303771047125657,8.68797004026984,1.5312864783673281
60,28路(提篮桥--包头路嫩江路),13.822154509773059,8.692293712079863,1.5901619259096273
61,302路(上海火车站(南广场)--宝山巴士),27.379442675928225,18.857803326341337,1.4518892896546185
62,302路(宝山巴士--上海火车站(南广场)),27.343642451966957,18.80072532527881,1.4543929544676468
63,307路(中山东二路新开河路--新江湾城(世界路)),16.00164356548991,13.217784509354082,1.2106146498428478
64,307路(新江湾城(世界路)--中山东二路新开河路),16.182984207031442,13.231153083336324,1.2230970426464747
65,308路(上海火车站(南广场)--松花江路延吉东路),14.642056356842971,11.664739616841903,1.2552407372816388
66,308路(松花江路延吉东路--上海火车站(南广场)),14.6206173406319,11.74809190403618,1.2445099561749968
67,310路(上海火车站(北广场)--兰州路杨树浦路),16.456593369024446,8.773752997820187,1.8756618032343784
68,310路(兰州路杨树浦路--上海火车站(北广场)),15.469928392746628,8.547066188115185,1.8099694155004649
69,317路(中山东二路新开河路--平凉路军工路),13.287566990341638,9.459758936813182,1.404641183680942
70,317路(平凉路军工路--中山东二路新开河路),12.945629153808936,9.452678870215433,1.3695196178301883
71,329路(上海火车站(南广场)--工农新村),20.004890873170343,13.852939135847398,1.4440899997462253
72,329路(工农新村--上海火车站(南广场)),20.090059116117875,13.872592797691585,1.4481834368742434
73,330路(中山公园--扬州路齐齐哈尔路),15.261425308528455,12.94777401928946,1.1786910464912457
74,330路(扬州路齐齐哈尔路--中山公园),15.01980527713684,12.969640914604255,1.1580741036726798
75,33路(中山东二路新开河路--军工路长阳路),13.016480073127514,9.867046211575142,1.319187099565596
76,33路(军工路长阳路--中山东二路新开河路),13.720937228011767,9.854569274348005,1.3923426631875362
77,37路(愚园路胶州路--扬州路齐齐哈尔路),12.314017692533083,10.324247609122585,1.192727853761694
78,37路(扬州路齐齐哈尔路--愚园路胶州路),12.431641627310519,10.311923001686196,1.20555997414621
79,405路(博兴路柳埠路--曲阳路玉田路),20.681144910826212,10.558055150383076,1.9588025082513272
80,405路(曲阳路玉田路--博兴路柳埠路),22.242851650652756,10.572026583140975,2.103934517732205
81,406路(东靖路金京路--国定路政立路),21.845785733912017,12.698000018380208,1.720411537430343
82,406路(国定路政立路--东靖路金京路),22.272169833107743,12.699033295301643,1.7538476603056035
83,453路(五角场(翔殷路)--港城路地铁站),20.45821456909695,9.079946675687848,2.253120563348148
84,453路(港城路地铁站--五角场(翔殷路)),21.56954031852566,9.152617589128747,2.3566526306250823
85,502路(淞南十村(通南路)--虹口足球场),13.989986105676579,8.539485833151035,1.6382703102997398
86,502路(虹口足球场--淞南十村(通南路)),13.771365654916742,8.541215974924008,1.6123425160243965
87,51路(人民广场(武胜路)--宝杨码头),28.92880312487773,23.39250088429778,1.2366699596577206
88,51路(宝杨码头--人民广场(武胜路)),27.48876497516366,23.361854864668878,1.176651645787599
89,52路(吴淞煤气厂--塘沽路乍浦路),18.493357140326967,13.099465818947094,1.4117642196965114
90,52路(塘沽路乍浦路--吴淞煤气厂),16.305118547267792,13.099465818947094,1.244716293979258
91,537路(开鲁路白城路--老西门),22.443966405627798,15.109790428958407,1.4853923031661116
92,537路(老西门--开鲁路白城路),22.21778408523239,15.148449863885524,1.466670470237382
93,538路(松潘路杨树浦路--淞沪路殷行路),15.662186487355441,9.936713883468324,1.5761937669768842
94,538路(淞沪路殷行路--松潘路杨树浦路),17.25294324694892,9.939398952782266,1.7358135365035754
95,552路(呼玛路共和新路--曲阳新村),18.99702278342285,9.294577054377552,2.043882435131962
96,552路(曲阳新村--呼玛路共和新路),18.249625315870112,9.230324638611165,1.9771379697232436
97,559路(虬江码头--青石路国权北路),12.70427575735459,7.0604226009691295,1.799364779611177
98,559路(青石路国权北路--虬江码头),13.189942949331245,7.059459652793147,1.8684068750378806
99,55路(南浦大桥--新江湾城(世界路)),19.658608937642065,15.794198461932957,1.2446727819093242
100,55路(新江湾城(世界路)--南浦大桥),21.43204567703105,15.785224601019626,1.3577282692351855
101,55路大站车(早高峰)(南浦大桥--新江湾城(世界路)),19.421626690937977,15.797983032371105,1.2293738163373
102,55路大站车(早高峰)(新江湾城(世界路)--南浦大桥),19.398861956102785,15.79747002348435,1.227972702417833
103,55路大站车(晚高峰)(南浦大桥--新江湾城(世界路)),19.380365396700114,15.795303226177223,1.226970139109545
104,55路大站车(晚高峰)(新江湾城(世界路)--南浦大桥),18.778590653145404,15.795462539081347,1.1888598138030564
105,576路(曲阳路玉田路--芦恒路枢纽站),31.17557717052622,21.08304893200414,1.4787034489685023
106,576路(芦恒路枢纽站--曲阳路玉田路),30.348336090940393,21.15533045089426,1.4345479576121456
107,577路(复兴岛--开鲁路中原路),14.626526074680369,5.621310131070809,2.6019781391947765
108,577路(开鲁路中原路--复兴岛),15.925568998231629,5.629986064563112,2.828704869888067
109,597路(东方路张杨路--彭浦新村(景凤路)),18.894612526107064,13.735768875425675,1.3755773482699574
110,597路(彭浦新村(景凤路)--东方路张杨路),20.119633463682323,13.797761474524934,1.4581809883313013
111,59路(凉城路广灵四路--杨高中路民生路),23.56780829745367,11.892461431492034,1.9817435131674705
112,59路(杨高中路民生路--凉城路广灵四路),23.645953324677098,11.876314058160755,1.9910178535931262
113,60路(定海桥--逸仙路仁德路),12.657639861421353,9.495136478434048,1.333065605762506
114,60路(逸仙路仁德路--定海桥),13.3464905025082,9.496139547248028,1.405464866654787
115,61路(吴淞路天潼路--政悦路国伟路),17.60024549712481,11.691561106765286,1.505380276970924
116,61路(政悦路国伟路--吴淞路天潼路),17.528598999481993,11.723568400752352,1.495159016460987
117,6路(武进路河南北路--长白路图们路),10.351676678453508,8.953159280062042,1.1562037884778673
118,6路(长白路图们路--武进路河南北路),11.051370010934052,8.93253612284407,1.2372040660066603
119,70路(兰州路杨树浦路--四川北路多伦路),10.787643512523202,5.9245178496899475,1.8208474995290562
120,70路(四川北路多伦路--兰州路杨树浦路),9.861094379045728,5.914548317754225,1.667260769422545
121,713路(淞南新村--锦西路打虎山路),16.84798485594506,9.122221032603473,1.8469169729311703
122,713路(锦西路打虎山路--淞南新村),17.558322633218317,9.115622952826472,1.9261791239153903
123,723路(虹口足球场(花园路)--香山新村),20.08515736145852,10.820904856934048,1.8561439756665017
124,723路(香山新村--虹口足球场(花园路)),20.34079382250384,10.80134511923317,1.8831722899293781
125,726路(三泉路保德路--安波路营口路),20.634542091546,10.380881851944524,1.9877446238038805
126,726路(安波路营口路--三泉路保德路),20.94299392571912,10.380881851944524,2.0174580757603096
127,746路(大柏树(东体育会路)--花木新村),18.05614116804605,13.018795513581711,1.3869287023679868
128,746路(花木新村--大柏树(东体育会路)),18.879120614403554,13.013339155500919,1.4507514473272671
129,749路(三门路新江湾城--虎林路共江路),15.155745597426948,6.36639289712316,2.3805859679624097
130,749路(虎林路共江路--三门路新江湾城),15.109771767934598,6.356489862080255,2.3770621987572405
131,751路(淞南镇--虹镇老街飞虹路),14.666273848638854,10.356848362321456,1.4160942919658093
132,751路(虹镇老街飞虹路--淞南镇),13.749852645517892,10.356848362321456,1.3276097287993802
133,758路(原平路阳城路--政立路市光路),13.191131239832279,10.053744479309627,1.3120615176742676
134,758路(政立路市光路--原平路阳城路),14.987520169173452,10.066572315686901,1.4888404611983126
135,79路(原平路阳城路--天章路秦皇岛路),14.445553685568036,10.318400722656675,1.3999799071428916
136,79路(天章路秦皇岛路--原平路阳城路),14.371071053942721,10.289795922152617,1.3966332435227058
137,80路(安波路营口路--怀德路杨树浦路),10.502954998960984,6.449403321502294,1.6285157673337252
138,80路(怀德路杨树浦路--安波路营口路),10.889953128845542,6.481845714565061,1.6800697838850474
139,812路(共和新路长江西路--长阳路军工路),23.200191284791927,14.521988285935446,1.5975905522015414
140,812路(长阳路军工路--共和新路长江西路),22.77469961953383,14.490937559565443,1.5716512148311819
141,813路(宝山--杨浦大桥),29.06789011169039,20.278648526720797,1.4334234391107559
142,813路(杨浦大桥--宝山),27.644829934039745,20.277177775160435,1.3633470219857071
143,819路(东绣路锦和路--吉浦路仁德路),26.79150241627468,14.275792262190418,1.8767086214354807
144,819路(吉浦路仁德路--东绣路锦和路),27.392335626412283,14.239440156321837,1.923694704686195
145,842路(工农新村--平凉路大连路),15.817068591659497,10.510737300496697,1.5048486266431609
146,842路(平凉路大连路--工农新村),15.243669300282185,10.511777774324626,1.4501514042196901
147,843路(东靖路金京路--阜新路彰武路),29.905851133318787,12.17863787197925,2.4555990126060414
148,843路(阜新路彰武路--东靖路金京路),28.729873513320143,12.127675093135416,2.3689514513447025
149,850路(康宁路枢纽站--政通路淞沪路),15.376394920150835,10.55624190714472,1.4566163844486852
150,850路(政通路淞沪路--康宁路枢纽站),16.764112689336834,10.54885172076655,1.5891883906506028
151,853路(凉城新村--杨浦大桥),12.588463651409226,8.68397706703769,1.449619633288996
152,853路(杨浦大桥--凉城新村),12.966115249921257,8.71315690189721,1.4881076280283674
153,854路(东长治路公平路枢纽站--市光新村(包头路)),19.17440032867241,9.701181431229307,1.9765015698961814
154,854路(市光新村(包头路)--东长治路公平路枢纽站),18.461742989760946,9.729716045182013,1.8974595871071573
155,868路(中山东二路新开河路枢纽--白城路民星路),17.550349044128836,12.034231187840751,1.4583689452352808
156,868路(白城路民星路--中山东二路新开河路枢纽),18.090252441568655,12.031907767989013,1.5035231976842374
157,870路(新江湾城(世界路)--陆家嘴西路滨江大道),20.258035725836958,12.159442595621474,1.6660332549398051
158,870路(陆家嘴西路滨江大道--新江湾城(世界路)),19.47148906772211,12.167065367735688,1.6003439185389852
159,871路(西营路成山路--锦西路打虎山路),20.232217561698782,13.740571329911187,1.4724436907260356
160,871路(锦西路打虎山路--西营路成山路),20.468959729697872,13.707314943953588,1.4932873296769842
161,874路(三门路安汾路--枣庄路张杨路),24.87596866076658,12.884854405977734,1.9306363795019486
162,874路(枣庄路张杨路--三门路安汾路),26.765180542876507,12.866186754912098,2.0802729707508716
163,8路(三门路市光路--博山东路枣庄路),13.751741188335352,9.715822443330152,1.4153965110566455
164,8路(博山东路枣庄路--三门路市光路),14.089201847412149,9.721558550872214,1.4492739794431493
165,90路(淞宝路淞青路--靖宇南路控江路),22.016695274963155,14.721201239129874,1.4955773593014543
166,90路(靖宇南路控江路--淞宝路淞青路),20.267619234391052,14.747343742322117,1.3743233756887878
167,934路(国顺东路翔殷支路--普安路延安东路),18.25346421332042,12.460209550955202,1.4649403879344152
168,934路(普安路延安东路--国顺东路翔殷支路),17.774303352414194,12.416737325929281,1.4314793722258232
169,937路(三门路淞沪路--绥德路),28.32541417503322,16.84021085828904,1.6820106596878486
170,937路(绥德路--三门路淞沪路),27.9105378610298,16.86161582553312,1.655270654356006
171,942路(上海火车站(北广场)--殷行路中原路),18.562063332605724,13.153335051798955,1.4112058469967304
172,942路(殷行路中原路--上海火车站(北广场)),19.687170795342514,13.15210848838607,1.4968832421605411
173,960路(怀德路杨树浦路--青石路国权北路),14.14929373637607,9.03312764294493,1.5663781467127809
174,960路(青石路国权北路--怀德路杨树浦路),15.171721075258365,9.064389622028452,1.6737719480181832
175,962路(上海火车站(北广场)--松潘路杨树浦路),15.346148463626868,9.351583871741976,1.6410213151163502
176,962路(松潘路杨树浦路--上海火车站(北广场)),15.701648580031287,9.377303703908556,1.6744310599097565
177,966路(万航渡路长寿路--市光新村),23.754333115927462,17.380491628439316,1.3667238892747298
178,966路(市光新村--万航渡路长寿路),22.648723824288297,17.491270953114974,1.2948586689325081
179,975路(上海科技馆--广灵四路广粤路),17.83597020499285,12.638070230152053,1.4112890560173965
180,975路(广灵四路广粤路--上海科技馆),18.339983627098697,12.638980942748551,1.451065058977007
181,99路(三门路新江湾城--通南路新二路),12.402969662023848,5.662370126669139,2.190420157030574
182,99路(通南路新二路--三门路新江湾城),12.410785494659082,5.690133587888833,2.181106173161703
183,DZ105线(长白路图们路--辽源西路大连路),6.6566875972336454,5.06517172841714,1.3142076822168973
184,DZ106线(嫩江路白城路--国权北路殷高路),5.940468458652895,5.2147811298703415,1.139159690638943
185,DZ107线(长阳路江浦路--杨树浦路江浦路),1.9681414353519957,1.702357828354977,1.156126757001406
187,DZ116路(柏悦江湾--淞沪路殷行路),5.969567203269476,2.2684167358278136,2.6316007587957606
189,DZ128路专线(五角场翔殷路--科技园),4.949903370745774,3.79795446208348,1.3033077200273637
190,DZ128路专线(科技园--五角场翔殷路),3.925059892753173,3.8398012665374615,1.0222039163741912
192,北安跨线(国康路四平路--曹安公路绿苑路),39.55138166376288,32.38004591059403,1.2214739217161688
193,北安跨线(曹安公路绿苑路--国康路四平路),38.124932551997425,32.37239014190958,1.177699032566661
194,嘉五线(南门公交站--国康路四平路),38.48872680745488,29.771183449904317,1.2928181666751506
195,嘉五线(国康路四平路--南门公交站),40.7563803682648,29.752987905850482,1.3698247885971366
196,崇明E乘巴士1号线(北区汽车站--南门水陆换乘中心),117.17715291881585,47.18399525131948,2.483408882496847
197,崇明E乘巴士1号线(崇明南门水陆换乘中心--北区汽车站),118.31793180992767,47.234121572835654,2.5049249963816904
198,春运13线(原329路)(上海火车站南广场--工农新村),20.004890873170343,13.852939135847398,1.4440899997462253
199,春运1线(原申川专线)(上海火车站(南广场)--川沙客运站),42.19754321791883,28.070515865767387,1.503269245912921
200,春运5线(原302路)(上海火车站(南广场)--宝山巴士),27.35725676373911,18.857803326341337,1.4507128052144544
201,春运8线(原308路)(上海火车站(南广场)--松花江路延吉东路),14.642056356842971,11.664739616841903,1.2552407372816388
202,春运9线(原310路)(上海火车站(北广场)--兰州路杨树浦路),16.456593369024446,8.773752997820187,1.8756618032343784
203,机场四线(上海火车站(北广场)--浦东国际机场2号航站楼),64.58607522126555,41.47073353572611,1.557389265025324
204,机场四线(浦东机场T1航站楼--上海火车站(北广场)),67.7597472176973,41.04469549805681,1.650877084004808
205,申川专线(上海火车站(南广场)--川沙客运站),42.20512838090993,28.070515865767387,1.5035394640673496
206,申川专线(川沙客运站--上海火车站(南广场)),42.42103084556527,27.9594257606108,1.5172354113698558
